{"loss": [1.029278039932251, 0.3690876364707947, 0.22897402942180634, 0.15851163864135742, 0.1376645416021347, 0.09524001181125641, 0.08068029582500458, 0.07441315799951553, 0.05700604245066643, 0.04894077032804489], "accuracy": [0.6598456501960754, 0.8745651245117188, 0.924030601978302, 0.9473084807395935, 0.955152153968811, 0.9685938358306885, 0.973179817199707, 0.976089596748352, 0.9812132120132446, 0.9846290349960327], "val_loss": [0.5618963241577148, 0.2981913685798645, 0.28068315982818604, 0.22079069912433624, 0.10224422812461853, 0.08709392696619034, 0.11026581376791, 0.09930355101823807, 0.10510234534740448, 0.06801294535398483], "val_accuracy": [0.8117006421089172, 0.8989489674568176, 0.9038875699043274, 0.9247815608978271, 0.9663163423538208, 0.9721413254737854, 0.9653033018112183, 0.9684690237045288, 0.9666962027549744, 0.9798657894134521]}